label,x,y
0,1.403980096640686,0.7920347052295754
0,2.2853654343073524,-1.321543787073097
0,-1.6603236878439138,0.26317070145606547
0,1.0416208956852009,1.0555542179603856
1,6.305490487431759,4.9716574935969
1,5.785284548361557,5.545383799929841
1,5.29434485929607,4.417393903076177
1,4.298406196632194,5.177088042719529
0,0.31785910802343187,-1.2163491655527938
1,3.775122417730082,1.9330971403117525
1,3.1090764687832926,7.409472254933671
0,1.9448645833958134,0.31873135003212616
1,8.219929696504474,4.162180958188063
1,2.0244382901779496,8.19231082931493
0,3.809296235577918,1.866226526824823
0,1.4731588007752179,1.5845453223334591
0,0.8239602625142695,1.3469533593637837
0,0.18234792593454907,0.5908506310821635
1,1.8032909164335909,0.25148579382350444
0,2.162602684298904,2.556885297567569
0,1.8754743202873114,1.8171205773069605
1,-0.015263726550454493,4.665576878341905
1,2.5854705323419207,5.703409354078244
0,1.2296907841132008,0.727714232714931
0,2.3565131798331658,1.9561439952828938
1,4.652607972293503,7.118637290130835
1,3.996321874451668,0.6991406272423957
1,5.8517207977515895,7.124389321121062
0,0.27417413877354413,1.5038198045881899
1,5.282182721447493,4.351268331591646
1,6.049588753665151,9.978976024175566
1,5.699026727578956,9.498968522650483
0,1.9441825373930692,1.877504731747615
0,0.3271621454199428,0.2939000090865235
1,4.708942303956967,5.223103011158594
1,4.599212047280328,7.885681498942411
1,1.5809635120804546,4.976776410543419
1,2.042020148661981,6.202270799064054
0,0.4543322304786037,0.5531591441416344
1,2.149732193109745,4.225493618068595
0,1.8966784579184095,0.9238247673578512
0,1.3734764755422786,0.2246013705478953
1,4.070352698939287,5.001431169885031
1,5.476790946941324,7.775589109513412
1,3.2897402927359534,5.958014608005214
0,0.31812250031867595,-0.6291952685529345
0,0.40456849506734405,-1.53810689261925
0,0.22035499633571387,2.2527326084551698
0,0.3884996821867456,0.002731677370753749
0,2.035858576231225,0.23275240851408285
0,0.08433668594562593,0.3640261972820159
1,4.929683060248404,5.83550814908695
0,-1.000577251691623,0.40214930925527415
1,5.337050094586383,6.795203573492296
1,0.30169058222829204,6.923800695470953
1,5.602237438182046,5.289984175965791
1,3.3845989609793725,1.5326722328205347
0,1.6738750711534998,1.365356692300517
1,7.50173779646622,3.1267198312653246
0,1.1895935099176875,2.3068322845782863
1,6.795583303903951,5.312047299386714
1,6.05622404637998,4.232457920371463
0,1.288701594296328,1.5329768113117423
1,0.5978875816115314,5.415917612637819
0,2.6884664254427655,1.0922365853455533
0,-0.09097764855026402,0.46878671725709953
0,-0.22607001439725938,1.7910943867844848
0,2.271006745195466,2.2912356986293165
1,6.511178998441891,4.980453043755498
1,1.8223363337455711,-0.02513283407966771
1,5.579086418592582,7.878300389789515
0,-0.14596451495105,1.5046808264327964
0,1.6234290576610502,1.3401265608946955
1,3.8045714483968607,7.338287624226202
1,3.687461710280481,6.383838574809907
1,1.4277683735323725,0.8308081309545434
0,0.5865003145664381,1.3249647365165953
0,1.2931692893783004,1.8296739907883532
1,7.843065354592646,5.033123299327993
1,2.493921919001441,3.0302202848004574
1,4.665906621936838,4.276578969919654
1,4.0807882567183125,4.211402589619167
0,0.3708020537942093,0.9577513818160284
0,0.13481329868078284,0.7010180463044758
1,8.662871944813768,5.36077711671185
1,7.174317888143312,2.4148739358590423
1,7.254103260603908,3.475214247764145
0,0.583118262995865,0.4933205076544107
0,0.6755349771643494,1.0785040103664147
0,0.5854226878914933,0.2999087446494412
1,8.86909397878342,5.110388097996522
1,4.359810865528154,4.709581038392785
0,0.6261833005273335,0.43833155901113985
0,3.3675199559759683,1.4510587635965941
0,1.7365529277646696,2.1048720534758214
1,7.040213657091934,7.898176429785702
1,2.8546399148373047,3.4412044578373533
0,0.5742788981124456,2.1138661195564703
1,3.6912853832032093,1.1403143199659307
1,2.4075879864469982,6.485406675087231
1,0.4088045940610838,2.300325467721806
1,2.904222184513101,4.852553690870428
0,2.1210000433272276,0.9659490554937594
1,4.7586925945745655,7.6248390234763095
0,1.9023281027294154,1.7218432351196973
0,2.6623451545396577,0.9940786128252661
1,2.715589594312757,5.222839084604466
0,0.3753159279589493,1.8614185112282533
0,-0.04093274841189398,1.5302262631790438
0,-0.5414763075513647,1.6513197194814344
0,2.1765518687898155,0.3299568564049483
1,4.564298319943475,5.8256036633468895
1,1.6311595708660551,10.087059438612833
1,2.0306088282756396,4.075840735267093
1,1.204516189112875,2.805789985941212
0,2.1415585176242984,0.7021173427457399
0,1.672024023185728,2.225264297320706
1,3.6909858251780867,4.858391761506094
1,2.3838708487320046,7.957109612764859
0,0.23341637928875825,0.2694630078192398
1,5.062675642825466,4.896563948950052
1,3.705164027843006,7.002609617925333
1,7.915538841174829,6.626300088386108
0,0.029217411298348317,0.33971608425463395
0,-1.446500250527118,2.148941750869458
0,-0.26002018056045806,1.7030397137948508
1,1.7205837805578303,5.540520728872581
1,5.789034876047992,4.375460952916214
0,0.6119005440429894,1.1735405967718462
1,3.6392642090535343,4.86437940062721
1,2.6529711418738353,6.333594303602377
0,2.2109697680173372,2.581839055600361
1,2.9022735775120676,4.8865157691988665
1,3.655476329078481,2.5194387578926825
0,0.9351221828128505,2.068097063742698
1,3.0113755325302356,4.499634336934034
1,5.62618830950304,4.785369768967582
1,8.829534203107448,5.131872033001586
1,6.773206077907517,3.3224281461979324
0,0.05229170839337294,-0.907371989423803
0,-0.18902763874742678,1.94184531386691
0,2.187389237276558,2.3296791178043375
1,2.0965001969686767,0.33337137103066805
0,-0.16864645034720738,0.43360562511331213
1,6.4880938683980425,7.755404347293139
0,1.5545330598837332,0.3982887775321565
1,5.300773981822121,0.7922695322385316
0,1.9964600025513723,0.10905011873840698
0,1.6039679840418255,1.6605023763766944
1,3.55438178509014,1.2384038187903252
0,0.32756412321854567,0.6420692605936649
1,5.729547694531208,4.652102250008168
1,8.00737695037852,4.369925982729588
0,2.7146268696045617,0.7938284951199982
0,0.4647018255675571,1.316057869614778
0,1.0812446841847534,1.7839466001381399
1,4.74660599610291,2.644026405496193
1,2.7598832649076486,4.960478945360253
1,7.449023157790133,1.9649531522248807
1,7.803410169304469,7.7711600019941125
0,-0.3508747146178661,0.42940383374693036
0,2.073411004288813,0.16948965386245252
1,5.632635323948802,1.6718638883698715
0,2.2323762319419966,2.617885442546772
1,6.344258554768599,6.390954433476393
0,1.9164495473220415,1.8105675754949173
0,1.5771629413366215,0.30618372175616904
1,4.413562490309899,2.5588042337043957
0,-0.030857646228696467,0.47084894001665456
1,4.823275467758505,3.7947882207893757
0,0.9169532811925142,2.3165562412443217
0,-0.2988916836182005,1.5603303376742745
0,1.5986859404349751,0.2545758229337183
1,7.234913771583976,5.4185511700946325
1,2.0245651038956645,6.69134833153954
0,0.3647463971258754,-1.0838548897623328
1,2.4452353507295603,3.2127254791925424
1,6.443887003040083,1.4363688745938652
0,1.1359960475708788,-0.061694705078233714
1,5.783742121763207,10.016877563929395
0,-0.6170973260183383,1.0130578632789207
0,1.8022344921664053,0.7721905312263959
0,1.0593114124453633,1.3574175132637705
0,2.311925436637552,2.6338540556589543
1,3.385882315081057,2.9887666494530074
1,6.8661218039499685,9.153134583841004
0,-0.21512140432394888,1.6097096105276811
0,-1.2997685337577969,1.5586480158363942
1,5.925588534054852,1.2294713866222957
0,0.13997045721568768,2.7489333941650402
1,0.5408111953498667,9.07218103759358
1,8.9750324699218,4.95139117987755
0,-0.011166521369352811,1.6518710097487803
1,3.040564092323903,0.5569745582422518
1,0.40151329049424245,6.95166208493407
1,8.997793483611574,6.918091735711345
0,0.9126005862758392,2.1864056610282683
0,-0.5384574643538436,-0.444633731135307
1,4.6349620283881325,1.5629308233024726
0,-0.8966027325693511,0.39235381052472373
0,0.4015386234912989,0.9335570191367952
0,0.5414101888367554,1.3626627404924407
1,2.8381440613957287,11.417847790694918
0,1.1134622546873625,2.072582003778578
0,0.5711957845974578,0.7676631494200798
0,0.9256183400465373,0.11550634220995526
1,3.5579881259595028,4.445489885332304
1,4.264543296977027,5.777175585157723
0,-0.7345847086388615,1.7304124157551408
1,7.787702937376599,6.621091641155343
0,0.7736873569476381,1.100716345297303
0,0.29976401428422317,0.9156498070603315
0,0.9211811783675998,0.007439785249222619
0,0.03723846339416137,-0.6742686228378174
1,6.565391758211638,5.386129073751156
1,4.920288540090107,1.1095977637271939
0,0.15653793722829712,-0.3256244630595395
0,0.08880728182227371,2.6041844771870224
1,6.188480880459682,2.656657112629764
1,10.723085928329269,6.00337922960378
0,1.8655096585261708,0.6583651862366526
1,7.2353290223355,3.068679065064493
0,0.808324342177614,-0.2327706869268762
1,5.077409910798181,4.389620431404565
1,6.87055140073447,3.2650911175678727
1,8.075234387863741,4.976937009301918
1,1.4226839784534597,1.4645471011892885
0,-0.14037510423379373,0.5409405417535542
1,6.572858192726272,1.8188924222811567
1,4.5929243363279335,6.4573169177903
0,1.2127527565101326,1.631037899538455
0,1.3380987787435024,3.6647674079461576
1,6.453605189507446,5.779345192904232
1,2.853845915193728,4.031528474851507
0,2.297137287023997,1.8787614749620276
0,0.8868684976896695,0.16567387692040714
0,2.255272195641406,0.7559108230133709
1,3.1304729737810346,8.084656445198883
1,6.189438300337301,5.559807383524955
1,5.160418761384786,9.026925236901533
0,0.7375843926581416,2.240867613853978
0,0.8643034236605125,2.2125500957206743
0,-0.276184064984778,0.8668524095985707
0,-0.500035476569161,0.06378520574035651
0,0.29850762162009203,2.6357169359925683
0,1.4681221393967367,0.8908165757766727
0,0.2797144780184153,-0.7947905229859564
1,8.265265415631955,4.776638751226223
0,0.45610477275241446,1.2152497379021214
0,2.118751471016804,1.9546272736554096
0,0.8618264783852745,-1.1728843265131714
0,0.806181665372575,1.0109360809090313
0,2.257933160427534,3.183794572858761
0,0.19058655312184736,2.663846636549178
0,1.9378524295587731,-0.08921619463745878
0,1.3689166691592085,0.7825665749177835
0,1.4821110663648625,0.2522492567388146
0,1.6454244155263278,0.31746374788216636
0,-0.5327464894677787,1.8629023089249035
0,2.564397530583578,1.7251700260438003
1,3.895448854951862,6.079973498094251
1,2.765667793623479,1.6700711732723472
1,2.4102607549042157,2.1039845221072544
1,7.190006519576396,3.897669416587615
0,0.05778513845657074,1.6725809751919414
0,1.7966356194992494,0.04181281673197157
0,1.9011968316179555,-0.0017064286918448968
0,1.262284901306064,2.044583066959384
0,0.7342310923953879,2.3807889395263757
1,2.241850628990475,6.430871560918712
0,-1.1375134965227849,1.1002745741289237
0,0.36930161161298225,1.9644386741377562
1,8.467279442898333,1.2522837955669361
1,0.1697060686122729,3.9418323623719034
1,6.4995320388968585,2.6941237555963804
0,1.2626416511257537,-0.07932975382534457
0,0.2515289118469888,1.0308672995999413
1,6.0829297185214894,3.034398121010991
1,6.798175168486181,7.719665838930111
1,4.935109880585734,0.2985972131116412
1,2.4128708308091236,2.9830096193554376
0,1.5645272452042924,-0.3357875318842878
0,0.8989194074462279,1.6865484154898502
1,2.4163481852633617,4.864431754403593
1,1.03419912663141,5.043563889601846
0,0.6591868543335797,1.067966750827426
1,5.65738179230425,2.4374537899320945
0,2.075841681883583,0.19239478243894104
1,4.566601553051796,3.182157359410218
1,5.137485481147947,3.159320967925545
1,3.6133033312600054,4.109984707175176
0,3.216736871115609,1.7945322598799356
0,0.5471302520198997,1.8012231592485104
0,1.9779521967829683,1.7012320028248384
0,0.6476322888353518,-1.2864713947561848
0,1.3670694049382268,0.7148328613009987
0,2.45390570907674,3.3004231861034334
0,-1.992016975601706,1.9217844084615026
0,0.8450060150328369,2.084740010010652
0,-0.07663659811193568,2.369724397223722
0,2.246301686326804,0.8196901297001459
0,1.9551446405813793,-1.4136574208457606
1,7.400182442325311,3.060009078661549
1,5.7109632437665265,7.328867720813593
1,4.360323056649279,3.4509248825994856
1,3.6077814701711186,2.6305733471925055
1,4.0009051376710705,1.0821513079712868
1,6.13361687803883,6.5320138611901495
0,1.5220286713468019,-0.021302088163618338
0,1.0240863167057292,0.5182316555046125
1,5.316867554755775,2.4914550898576273
1,3.821626497535253,7.676141964340625
0,3.149188867320264,0.3808689622782566
0,-0.30005105667884946,1.106373569864329
1,3.1649810596410806,7.29614671273362
0,0.7634080109057775,2.755386770021728
0,-0.05190764777278378,3.112098158412993
0,0.41399762515142635,-0.050803747275674827
1,4.595696315456414,7.7361309172904225
1,5.298599474176397,5.247828664661364
0,1.6188328666899632,2.011904077589958
0,-0.8065282914328766,1.0749646116447125
1,3.8886105579978176,6.73504159076184
1,0.43271459891585806,6.171250410835354
0,0.09488824975825905,1.1285999197973227
0,-0.10837321394336152,1.25965368156147
0,1.462975991687908,1.5765437491141474
1,1.9837179559164495,6.44872739771632
1,7.398919683410077,5.650425519125283
1,5.734797178838386,-0.9147896729525771
0,1.6380705887934348,0.25408048353012713
0,0.5939160926649671,2.9753984195431027
0,-0.30132125086516326,1.810529628127214
1,3.7825971415515536,7.520361278559349
1,6.9149093854704,1.621340870063667
0,1.2566137704105995,1.5313424560651967
1,5.813460126923398,5.787590687164933
1,6.438171710928494,1.5822566489855054
1,3.3281321393621264,0.9970350229588769
1,6.499930148602747,2.644251943993533
0,1.9196936286996473,0.20742396775685856
1,6.43942558947657,1.9116554171440838
1,4.6693865391904295,2.0044127863915375
0,0.7938273932498752,1.5839218339017642
1,8.083805547181834,4.682013503553126
0,3.3228661226694256,2.6689829011031776
1,1.4569800578965784,3.739226478234367
0,0.3598361101322962,0.7652111006627914
1,5.316454435012631,8.012332859279951
1,5.360260694709064,6.4078052960010226
0,1.0347489891942554,0.35505216481929935
1,5.142588634116419,7.462308612131773
0,0.10547033942549522,0.607653860539738
1,1.9796848684042603,3.943786337694514
1,5.733743168996427,3.4493599632661347
0,1.9948443107450111,2.6086411734948447
1,5.355479026384231,0.8771012781814935
1,2.460646737433093,4.445506410086319
1,4.966274208599587,4.5784483843601675
0,0.12980311462122007,1.1733814118351777
1,4.430979303332858,3.9530461145686786
0,0.589352107929929,1.3889238186142563
1,6.811390868831877,-0.5283920295039843
0,1.18638807139496,0.6640837200728492
0,-0.6715133851213311,-1.1740566677061177
0,1.8768072073815576,0.9706722364089778
0,0.9056461401244494,-0.37085131940799787
0,2.4721046085398357,1.1162641107832636
0,1.0941939785421377,2.220931728551932
1,3.978585635739373,6.9501998315551825
1,5.333633056139705,4.714100579480519
1,9.515777821636611,5.432298139673379
0,1.256911981715951,1.6624453101992764
0,-0.07814840815638968,1.7278820759849007
0,0.20683594473231537,1.7561534960895981
0,0.23500283537968636,1.913350587524973
0,0.7044498634702443,0.8023857677102266
1,2.1380052312607805,8.292035778689272
1,6.386212568956967,3.6762451222272063
0,1.1720497505183254,2.7268282875182477
1,8.919914096775129,5.762069474841061
0,0.49512721668957316,1.4552490209561229
1,4.416904604844526,8.11221365077773
0,1.1498323449069656,1.3068224454692543
0,2.242210630220101,0.14751035634807397
0,0.017928958313585763,-0.4103493328853458
0,-0.7851096837341374,0.6486034515214508
1,1.3281093834291964,8.719906838393824
0,-1.0504641234041472,-1.39396161587577
1,0.9570121658271225,6.613730169533352
1,3.1271414872302135,0.6064574386714714
0,1.2260918781272958,-0.1421112850039743
0,1.0636332170236487,1.7610954003017287
0,0.1572467349216764,0.5067715754338956
0,2.436335277637432,1.1601332445178243
1,3.892124682223178,2.958967961493529
1,5.3151621689659585,6.001513744617764
0,1.528550040677091,-0.018646760199139578
0,1.3637580950964427,0.05001324152351838
1,5.4810805778383775,3.7806583174141783
1,4.598203269483956,4.267633863280013
0,1.095471007617117,-0.8049569210883978
0,2.0890863318554294,2.518962036341816
0,0.9843085120434762,0.5214875532094246
0,0.7145934043342428,0.10974042295571018
1,3.836495778854267,5.5707031204934685
1,6.06273275197424,7.925883276386464
1,2.228764874594072,5.181318829312266
1,0.9560892146030326,4.161211290130282
1,2.450386708865126,5.746989564841843
1,8.64268265573573,7.742261978717597
0,1.7456005995955879,2.0338352958385366
0,-0.10615480037730274,0.7246340998789209
1,5.018979457626259,2.6142189422467053
0,1.6585376641872371,1.801761882960494
1,2.2619338783963454,4.478205574315837
1,4.06331245580413,0.5220159526344226
1,3.47147906909606,7.155251899099046
1,8.379795877817743,3.4973308476210705
1,6.47284132110943,6.651687637775407
0,1.0572866116449693,0.5268268674532331
0,1.2634895621057618,2.358844774477401
0,0.4547163751772013,0.37824044003363433
0,1.3950052419404833,0.7895902368874498
0,1.6183213880138272,0.37642663615873795
1,-1.613179504360991,4.995325137002054
1,2.756140433728129,4.743439241148677
0,1.214361367184447,-0.0401525398247633
0,1.3841520204380084,-1.0491485547717807
1,9.671472133890358,3.5365762867815658
1,6.875794049291101,2.341558522717572
0,1.1758423962877576,1.2020977561060848
1,3.5377562764945747,5.792075482018651
0,1.8884703260937392,0.5690767714503756
1,2.500593042054627,6.209084076298759
1,6.820694560016092,6.623535554140224
1,6.994447821794951,-1.4341850368974551
1,8.131379252586777,3.4379974498581305
0,0.4622983541391501,0.8012549878343629
0,-0.9708080617605181,1.6559144178489165
1,6.937704173642492,6.9338154416445965
1,4.024554193795072,1.6709073396691752
1,1.5439592694512263,4.545180871815314
1,5.521374867945937,4.105009317682436
0,0.10504046207438911,-0.2991436173669779
0,-0.17637383381971428,1.656660954379838
0,1.5750113137553583,1.5748071053705173
1,8.823190196414462,6.588403987068135
0,0.6273641303048259,1.0288504678895571
1,5.912890607138565,4.046576221859044
1,3.6421618966920537,3.2749896243736707
1,7.9260947490938465,5.720815035128178
1,9.952825138884418,4.4287739753680855
1,8.643621657511638,9.591569286097249
1,1.43221854889092,5.190188140520771
1,9.38301333478148,6.357308077580976
1,4.2731011800571155,5.622635491607394
0,-0.12607746913823847,0.9164305198873941
0,0.12214924432217644,2.281979188540621
0,-0.2730221572003215,-0.11900775482295978
1,2.260387947173682,2.185956919620031
1,4.3550593323725835,3.0818655621790327
0,2.7311629924106215,0.8482072870668249
1,4.729679809513926,3.558985214951866
0,-0.0828892881211416,0.5100490567839465
0,2.5704295843046383,2.414925869942738
1,6.026804498216107,3.9900775631314795
1,5.372787999909196,2.808545232232075
1,4.026800763524912,7.150521925252855
0,0.25094925625960385,0.25651745827472827
0,2.4952771039631876,0.21460330565410157
0,0.5281106806072429,1.892462121064024
0,-0.4752817142511554,1.0817075523346513
1,6.880915798038462,7.861871530913985
0,0.1755386956542241,-0.13518642456530472
0,-0.6344208912430886,0.3049159662215801
0,0.35116875347294685,0.5087832414570544
0,1.313955820820926,1.933054046304063
1,2.745414846976331,5.3563289790831865
0,1.0283737549264582,2.142168873056785
0,2.7330278417888296,1.3443870317436868
1,5.232548051608368,5.873437388366313
1,0.5596029840645196,5.198450804460378
1,6.6135320601974765,3.501593448362347
1,3.6685527705121057,6.844812227884799
0,0.7844024266777908,0.28109055135124805
1,7.182941742551076,3.7322469557664446
1,1.2396762093970053,-0.8836390404408423
0,-0.4691315666770577,0.11064059747920363
1,-0.20571165392838253,4.1514817792092344
1,4.161067277013076,7.547975719584253
1,4.873468182240036,4.42719827782798
1,4.67668192009102,3.8594475963519494
0,1.5305058521742994,0.6717540516483913
1,9.254068343699133,5.259996440807344
0,-1.5139754993457966,0.39257738719589663
1,8.34938929452602,6.872501177759501
0,0.7436624465776869,-0.20582888239307628
0,0.8666989793680785,0.28994118593888596
0,1.2352214648689104,-1.462171693555741
0,0.5319795577414098,-1.2085371108452816
1,5.660477978567123,5.297586246325698
1,2.652519911748834,3.3874801239538233
1,8.50464018035614,3.1201801934377986
1,8.624435552920149,1.6915288611431305
1,2.4743732919647843,5.186941799751934
0,2.1503423028706523,-0.23985901738665283
1,7.602664250697973,3.128937315789902
0,1.206224620344453,2.133442686454436
0,0.6899250579025542,1.7434511078953925
0,2.776376216897132,1.0777495160294441
1,6.336242834397954,9.87177827205631
1,2.7749540080878035,3.382783044401238
0,1.0877976918237735,2.199825285025658
0,-1.1186072231465802,1.1581998840784111
1,5.552215483569175,4.818758666864275
1,2.182692082111927,4.691227817910179
0,0.8178662814214326,-0.41502163774350453
0,0.5635549754287426,1.735459778010339
0,1.8596626433959236,1.3978666663267978
1,1.1947404123637693,5.7320535153288565
0,2.6073743448799576,0.10999427734221778
0,2.7203309773312037,0.7056872430725063
1,4.402352618054487,2.9616431374435463
0,0.29259481941173804,-0.29248041321463414
1,0.6951293698526069,4.709809933707036
1,8.024626195751466,3.0914613377459768
0,3.158864541138789,2.3911731841252912
0,-0.6859197720383714,0.927411296331017
0,1.7121055945167478,1.4632262165670509
1,13.571235643965045,5.252032291364961
0,0.3712718341851541,2.0988891144388964
1,1.0905168576207922,6.982230587312506
1,4.313402549745478,3.6139181777843663
1,8.873959055913259,4.492648222882045
1,2.543512924940326,6.6635064577119145
1,7.534652270945481,9.24283085396728
1,5.44651146967367,4.744583662263056
1,3.266117055940669,5.1789568199027505
1,-1.21311578177405,4.839230374072026
0,0.963383954130315,0.3966721515569469
0,1.480821364501599,0.6477647577876651
1,9.787706418898063,5.493732673439127
1,4.430521908178937,0.8637771556208103
1,2.866420904940435,7.195194139423213
1,6.753609744450769,1.448137900567625
1,5.483643201306087,7.6922090570102455
0,2.0426249081978156,1.3882843809811622
0,-0.16471732891698676,2.1754199174144837
1,3.375847727756608,4.133651811445765
0,2.3116700235686727,1.6016910677770329
0,0.43942762056100937,0.4031168434747714
0,1.121063785932478,1.0033747749254267
0,1.6699623760734856,1.041675361088901
1,3.322156868277647,6.491163364950552
1,4.687527349960146,5.986483266864902
0,-0.38487741399953945,-1.0950840235216086
0,0.7739215356679173,1.5528868232186137
1,4.695189739733395,7.541968434339738
1,5.773453536964289,4.125567611714732
1,9.670958082757277,8.079399210907543
0,1.2487651891636649,1.0274281081197996
0,1.4267087041489814,-1.0766020134424092
0,1.0564249734511928,1.3331834884008753
1,-0.7348471005042887,6.587163420048224
1,8.796789817956629,3.2443374453582456
1,5.787576634526482,6.888770517145323
1,4.425854489303167,4.03971820167015
1,6.886524819431438,4.276699620870021
1,6.296477152497359,7.332517167236259
1,4.736087672133011,2.3569952845764197
1,4.399527279375927,2.6356147049000427
0,0.28970241367089233,0.015997539148874473
1,1.9738661393575558,1.9849067920557273
1,2.651841758061788,3.5252016216054454
1,2.1696589100501624,6.543062745624047
1,6.841303100640358,4.667536832077866
1,4.275825422799397,5.010023990144981
0,1.6197924807945485,0.7938354134990482
1,5.327065628957718,4.845274997865128
0,-0.09686653652870203,1.2923773574112754
0,-0.41892154940699977,-0.6441582292659074
1,6.520268042283405,8.70048694803343
1,7.46671807467413,2.781069772889317
0,1.5918304851139697,0.15974630999216044
1,6.388093170386366,0.5457990568364686
1,2.308911400754314,4.621844833290488
0,0.94327881348845,1.684329321143431
0,0.9033035478931449,0.8348839800600961
1,3.2012240611601532,6.881432453228555
1,5.386802429451277,3.899741694186706
1,7.586567909881197,7.745206459742519
0,2.339314010885554,0.3023905316349045
1,5.998769411327409,1.1375353531170234
0,1.4005525217337502,1.7964801537792932
1,6.95936287522107,7.549833662472842
0,1.5334029555601472,0.9778228206702013
1,0.9991290898745842,5.916465252384156
0,0.13926927139305223,2.618278082221744
1,3.3769040816105065,3.2814320151807492
0,-0.8079386006165399,1.4919008895667625
0,0.9666334095861817,0.004556408740282292
1,7.638413049231085,2.0714412553372923
0,0.7030890250428214,1.3943939090513755
1,4.466926114357413,3.883064934486433
1,6.865986764122388,3.3309271789387687
0,0.8075410429813713,-0.625493387253307
0,1.7338812301769781,0.08994404817314994
1,5.128249542652134,4.003472531572349
0,0.0928297678125165,0.561881489509311
0,1.9780585908972976,-0.23506306514372288
0,2.904696203026216,1.6088206621944992
1,5.0923341201862335,5.796769940180251
1,4.973899725805183,3.7023248892918215
1,6.6373076297263145,0.07620911386130036
1,1.6514513557932413,3.8842764661936986
1,4.6828099350366745,3.4710583244865383
0,0.43677550373815033,-0.068802719594097
0,2.142250673224141,1.7928349902138079
0,0.6792519166206816,0.9581801404035506
1,2.8364065271368344,1.3953261452290646
0,-0.6060514779850341,1.5745826716034155
0,1.3314082770017557,0.8157471028305184
1,4.882556504112927,2.355145471538433
0,2.8845881197329284,0.8487758051820357
0,1.4861307738806178,1.3123957235788632
0,0.519166793340613,0.40911681324643556
1,5.254235293466754,6.472955919374712
1,4.455370371727717,1.732254500950209
1,4.8356168959005705,6.831873914771271
0,0.7797511433499054,0.09553969217069003
0,1.7025326703439563,0.06229854909682797
1,5.096048350768124,4.559389717254343
0,1.6417854708991775,0.4675144290737211
0,-0.0021013116783952235,0.17088366188820137
0,1.8569708974844308,0.86719571144151
1,4.837931366152783,4.6181514484094945
1,3.030036104808074,4.988941112167099
0,1.7860211045534276,0.07328734549979987
1,2.7920502657806354,3.3615308097657906
0,0.14285181744118314,1.522437232368961
0,2.1376039228551518,0.8777818383661065
1,9.026298974061696,5.059932200073242
1,2.6576298433847083,4.361557806234466
1,5.165682033835373,8.677648903763618
1,5.176722027022259,5.820709977032762
1,6.432295276319524,5.353288899361997
1,7.450739124176698,2.942884206402111
0,-0.6481485781780063,-1.135677550131232
0,-0.1629022126834483,1.8690240496802275
1,4.590340599092683,4.387310819183531
0,1.8204679675240991,-0.10325704701444338
0,1.6784852722719212,1.6507445277709971
1,4.961755941970841,5.058455195464124
1,8.698182030877039,1.882949701004558
1,7.701834437953651,6.64699744441536
1,3.977582812135501,3.759673926476056
1,7.399466454295359,6.23646298991248
1,6.9353771248217315,3.7457630931244372
0,1.6119986335578707,0.8549305591629575
0,2.0087917211017015,0.2934960093368246
0,0.6579820749627419,-1.1693466320701038
1,5.821468388887874,4.383080304423013
0,0.8096537580213858,-0.7966624197791361
0,1.9968737475775824,0.2044277435938746
1,0.5814770796870814,7.328623683655119
1,1.5632503844462526,0.7517663705871875
0,-1.2805923573902107,1.1133024920581194
1,6.594667320834866,2.0288695251344486
0,0.562054052418067,1.0710321578908049
0,1.4415020307295197,0.4044291053489124
1,2.5032273316553857,4.322816402052853
1,0.8970368179322472,6.86638249115518
1,3.7662931873091625,2.30418777725525
1,7.843532328875497,5.677091942781183
1,4.421765915395946,6.151594389836624
0,-0.7466339831362074,1.0485375881415295
1,4.542410968788953,5.37156198777587
1,2.290912956615151,6.6138628755802324
0,-1.4308049879147875,2.0116986184164505
0,1.4538589385009881,1.6717750377603207
1,2.7645515108393917,6.29178208551462
0,3.2531123569788956,2.736483498844265
1,7.211166475128936,7.187015194186934
0,0.037283815118913655,0.4108856902392697
0,2.4747539194018904,-0.10114061754126791
1,6.543737989915668,1.7910198131590818
1,7.73715509603716,3.488567683799398
1,9.93391029150133,3.442210892073703
1,4.846409133912124,7.489135902440188
1,1.3568837346903022,2.621864005916781
0,0.18813157987199236,0.2714463411205905
1,5.287886109148779,7.967073416382362
0,1.5869663577618,0.24572515399016404
1,2.6660691113458954,5.4841067688616665
1,10.899806276710915,6.539104003598216
0,1.6948022641219436,0.7981895812054258
0,-0.22176942696050794,1.6068580628472504
0,0.2309551724255804,0.4281192538098346
1,4.507173232128778,5.729090468757626
1,4.191492771613022,5.045596235422839
0,0.41659972499870934,-1.463894686194935
0,-0.2701437713794521,0.2742270448882257
0,0.8879222284961013,0.563658703869353
0,2.127224390012367,1.5133240946780326
0,0.46588141503869607,1.5806207651892263
0,1.2251064505041702,1.462790998449502
0,1.74273121489723,0.5953490203920606
0,1.817021364849231,1.893542622902816
1,2.3716858212100127,1.4950398895955739
0,1.7329247745756575,2.0007592018941027
0,2.4039963268676305,0.8332302387070486
1,5.683584130233413,7.02790886334301
0,0.586788643387522,-0.8981624095172556
0,1.384157654768246,1.693321230175924
1,3.2930400000654365,4.379318886846279
0,2.2043880447748014,1.9029245240063837
1,3.9655266825685986,0.566313215847873
0,2.2646097528630724,-1.7972082536474643
0,1.640140748308944,1.8320317818322955
0,1.781322052613485,2.9701628917022918
0,1.2214612913456757,2.406830794804154
1,5.156964324754376,1.623396598803605
1,5.269724575743966,4.1193149278425825
0,2.056232954853182,1.129767053323875
0,1.7788170697787447,1.3536975009471282
1,5.76305518432772,8.230116629610105
1,1.4917332324245058,6.783761271856656
0,0.5027867230166856,1.437274137639367
1,6.949703156082046,7.966386889174871
0,-1.122991409003621,2.397562427176577
0,1.733886330015917,1.5596802798576281
1,8.22935826036786,0.05859528961044269
0,0.1666151424854696,0.95323485642547
1,6.062905258800893,4.764695520677298
0,2.9580457771627717,0.14320297687186478
0,1.3661349782180694,1.530890188186929
1,7.222880349128596,6.484758341150268
1,2.259307564065172,5.399646993706889
0,1.7139434151364679,1.501703239814515
0,0.5440403583802309,1.1584042863008324
1,3.3979142106047977,3.5332179725716015
1,5.453798749741092,3.6900757719621335
0,0.5990984604574936,1.078928260897623
0,1.2080759582484608,0.8982996465878823
0,1.1283391426973635,0.3054155622495648
0,0.43461838200817804,0.3956485780180047
0,3.550249108509093,2.1148841366786457
0,1.6287678491582622,0.1198684273261521
0,0.93926000654422,1.176017808265635
1,5.701597689693913,5.300125987724005
1,7.187563169107776,6.666566871755474
1,3.3583470347355107,0.7259295000222625
1,4.269244649259963,2.3256177972041443
1,4.866002085007779,6.510517050025711
0,-1.2757168616431036,3.251335697514806
1,5.730925738705758,3.6619205129171375
0,2.043437560534012,1.813625809672442
1,4.376428454547096,9.174329295458257
1,5.687595133161802,3.2773636267452284
0,0.9271773254975826,1.1797407317098094
1,5.236233226127815,7.144979822702334
1,5.768085148996364,9.062235901353782
0,1.163348116221599,0.4493645841026047
0,0.6578379720158747,1.7905610213116883
1,2.52468831226789,5.519493462757369
0,0.9344990122439435,0.6207582422521248
0,0.7464850152833113,0.9139030694129396
1,5.058434645392466,4.773050081359795
1,6.858195682641003,1.919731218098475
0,1.7558820720325552,-0.5290138776186755
0,0.1520600091709281,1.7582520746886292
1,4.7096409515183995,6.136970098349964
0,2.146081891988155,1.342039026832129
1,3.8427810787450705,8.252717653698527
1,5.108965920922846,9.876891207598142
0,0.6582840453837575,0.5768303833880967
1,2.390020388091192,4.004208158589748
0,0.638363930376302,0.6169473235468445
1,6.9162395381657165,6.875562532006421
1,-1.0235641636422175,3.1699387879758456
0,2.2120082663608676,1.0735676143169535
1,5.811479954880684,5.491200160736138
0,1.4129763262260553,2.727561857313457
0,1.6599552958673596,0.8239872209174386
1,6.542001702674479,6.245679208026317
0,2.6318636371999284,-0.80457843571764
0,0.9324541133105378,1.318874696332314
1,6.511710427443858,1.782561635020231
1,5.447622894601771,6.683653201995525
1,3.8979692692236654,9.48157248828332
0,0.999818134738345,2.529055124915902
1,7.904340283661229,7.680536018092958
1,6.142275583841816,4.563842350350804
1,3.4380227687459533,8.339843729765118
0,0.07096698264540902,2.2656398558099795
1,3.700766281311144,3.164300549397238
1,0.3613508377406518,7.618275183069612
1,4.665701613110996,5.182707510502531
1,4.982179920025495,2.8049375692806797
1,6.512401608821789,3.6267809763657697
1,5.530815898330344,5.942612626666382
0,2.1997965306963323,0.32548852104451187
0,1.408316522267758,0.18648196430939568
1,6.617915561363033,3.3347520754683533
1,8.728102987692193,3.284263952593843
0,0.7837503814511515,1.4439407148755607
0,2.323939337683609,1.4340805342249243
1,3.3400281359034976,5.13611302469227
1,6.433266587205939,8.171847125672635
0,2.055990117247875,1.0548959469803347
0,1.248073465139652,-0.18768445537081924
0,1.7191370296396054,2.01903379969113
1,7.322951730258589,8.325552004978254
1,9.799794876274971,-2.4230124488692244
1,-0.059011674969045025,4.524648680282807
1,6.360645370743274,5.1671626149368315
0,0.529830158338371,1.0000254907455657
1,4.577005738689607,5.862248309144014
0,0.5909884784650099,1.02319866936206
1,5.832185322426715,5.2573591689519175
0,1.4721874237353143,0.8438436787624373
0,1.367544399279546,-0.5422059912445811
1,4.495958409006127,5.0523447802503005
0,2.86706056445096,1.6168091463354404
1,4.113091603781595,5.096846916726507
1,6.5162571376298555,5.798661383351371
1,3.326407982716416,5.618964696857912
1,6.512569952235291,3.1043133000832484
1,4.930428515458253,2.3083420923204416
1,4.887865643136069,8.849286920018509
1,5.9662661793847125,4.941905778524407
1,4.468608952456276,6.058312133111165
1,6.800580920828409,3.7668276230669226
1,3.189003304693885,3.277859925152212
1,4.200124256321146,4.386603810099872
0,2.345705416316644,1.1397318377980785
0,1.8444102601299832,2.375592593679348
0,1.8419127847894865,3.121185499129068
0,2.2575923241308584,1.7469003730321004
0,1.2284274844832288,0.6621200022190965
1,5.614228067627203,7.463506803119962
0,2.0717064803061866,1.5319021529064276
0,2.2871196683789305,0.5618185436912817
1,7.297360075989088,5.493103685214964
1,0.7745312547728656,4.9153748616372495
0,2.9836582410447505,1.6499286773985147
1,5.667157248498409,4.172836832416278
0,0.6327285356146357,0.8255065673673783
1,5.450909820865367,4.767262508295253
0,1.9251472397277691,1.2340026000158664
1,5.524977472183009,6.197791263565317
1,2.0389487019511123,7.562312887286068
1,2.3095532751735837,2.542079885466815
0,1.3489677397508002,-0.580880684319991
0,1.0456461471576581,-0.39245729216962943
1,5.538262635353959,1.3417036738278973
1,5.763571562003033,0.8063407856795468
1,3.306657067565464,5.079747607721168
0,1.3507694280307214,0.4185964263993589
0,0.9395441990972598,3.1129105854450527
1,2.8955287804331427,1.1272735892269705
1,6.5742723591336185,4.5811830579755055
1,8.894056235127739,2.2325857271160823
1,3.726351348497423,5.39431443287854
0,2.7510766285057775,0.5776617201039167
1,6.733866937190083,4.574904100666697
0,0.8764100801172132,0.05657740740224715
1,8.494966437754908,1.9633846624065283
1,5.877774629594146,5.184915839088107
1,3.8238122378867496,3.907369676721258
0,0.9115470216087391,1.060407937532139
1,9.789661178806554,5.909425163551521
0,0.33040088155662406,2.549510706994384
0,1.896090424399704,1.1127494739104804
0,2.0506011592158173,0.3859427238352636
0,2.4171489159215778,2.049424732144458
0,1.1978184942832646,1.0134983426836859
1,2.8882259657384712,4.670971449462754
1,6.953954024989698,5.480918126491236
0,1.2369691417361826,0.8986535319160446
1,2.6586603083058953,10.007902820747896
0,2.7264608097325507,-0.38464632837236334
1,-0.026631320619832977,6.654703190035782
0,0.45658693743566015,0.5647761147730488
0,-0.32476221732767097,1.8332617544980856
1,8.010652646104273,7.840988445888156
1,4.4053619694260275,1.8209743378795462
1,4.57878510739281,5.131312912872079
0,0.8134752319529752,0.7016059786495856
0,1.3373402916651256,0.15479977426935598
0,-0.003340700699709709,0.6614198827879301
0,-0.325237834177182,1.5209170329325097
1,4.216775247328653,8.708616294645308
0,1.7532190091439115,0.311456888818856
1,2.383703441543257,3.5621281418865216
1,7.108351128106476,6.433055216842469
1,6.0520400084811055,6.114022631929223
1,5.2307553888685385,5.14126637134707
0,0.7419917906109981,1.5189731786788099
0,1.0439185828454662,2.297590014952549
0,1.2334482360274273,0.5605852553347234
0,0.37619528554611714,1.7395310736535174
1,2.9981013513997548,7.334593264847554
1,5.367291974946212,5.637287621979118
0,0.46539185107720515,0.9589669020211189
0,1.055252815121119,0.04017923555171321
1,6.373724557321321,4.691950181449903
1,6.712624861463983,6.00282158458444
0,3.5933790182854977,-0.12590033552067492
1,6.1264830447833,5.054857769603596
0,1.7387525893379445,0.9341417210372011
1,3.118526019948743,1.8632551344506663
0,1.453954138744352,1.2357088994273406
1,4.278156266994665,1.823403068524891
0,2.230021973229891,1.6547971291200851
1,3.3082130339405413,4.676725331560809
0,1.216377278817696,-0.6608825914286933
1,4.563116197818257,5.41226583155744
1,6.496848622542164,3.0509976148085256
1,7.80887713506557,4.7662817483595
0,2.163717511657981,2.283619895102012
1,8.144016473493844,4.510670006733084
1,4.926850868892977,6.330683143033615
0,1.1080412932984895,-0.35141293314844146
1,4.761179763605853,7.645037006270247
0,1.5438134485619077,1.8786891608553327
0,0.9617546339961217,2.0692333839982946
0,0.4606210434931931,1.7133115664839909
0,-0.3191899291820819,1.01225716890344
0,0.39445450744533395,-0.04764108791139332
1,0.8765264623585445,1.840917086791039
0,3.4676752032327545,1.9368311546128316
0,1.209148534055426,-0.594295893041725
1,6.095012284200649,4.450963990893732
1,4.215651998836864,3.8573636731443637
0,0.10257879151545168,0.15826714133898223
0,3.49171991935749,0.6174826392681454
0,2.1265278906561695,1.214999006743967
0,3.591247965329212,1.122639429760163
0,3.2667758931922593,1.136311174995879
1,4.48622316732427,4.321476943418718
0,-0.050972882073843095,2.2498052650952625
1,4.6661869424592535,5.401828287156814
1,0.88811129445478,6.534288838704613
0,1.6255800142951935,0.30256567427898196
1,9.232188959492202,2.3541641449465085
0,1.7244924802617994,0.14283090227999318
0,1.2740931370046227,1.2188577260523443
1,6.917726849814032,2.815911686869767
1,5.378694377850853,4.956940816278085
0,1.4716422403532525,1.2673653704508068
0,1.8906801443973893,0.07399549527042337
1,2.5151452142225246,5.058950056126094
1,6.260588613626612,7.081265565697668
1,6.059770576789505,1.4222708319805815
0,1.6313372199625735,1.2827591982612887
0,3.131594386650483,0.4256312932536259
0,2.286428922983803,1.43022999876086
0,1.8755166526472418,-0.03055687478983171
0,3.2397951147662294,2.207739329543042
0,0.5348071299720971,1.012896822024989
0,0.7618230565706579,0.8403482322864766
1,8.271353086564474,5.977453627407218
0,1.2278473795536768,0.04788449402692552
0,0.9927033559598898,0.9347240441222042
1,3.7588234866855634,2.0796073798745023
0,1.7386813617697192,0.28966787450565323
0,-0.5556474163980276,-0.598306820289839
1,3.588620399898754,7.231560088277984
1,3.996523779575036,1.897864421988317
1,8.167327437787263,5.955467602013524
1,2.728943356344427,0.5814770397639464
0,0.8307087084510675,1.3507104483638137
0,1.3172392354784792,1.2843578960524065
0,-0.9944542999592221,1.1415047015084316
1,7.738283847291985,7.350405664875648
0,0.19818526734251507,0.3024410812523036
0,0.8044300947621511,-2.063702229862282
0,1.0166127397893987,-0.2743116790822686
1,6.663012624712322,8.377555971057843
1,2.979047845648739,5.121286071483766
0,0.08087737057776856,-0.07331682586023947
1,6.61418216027856,6.611387736072872
0,0.22996667621287126,0.8025655267882843
0,1.1886066393508192,-0.20253484812145173
1,7.976179070697224,4.944900316451882
0,1.1092162947897959,1.502002840176432
1,2.5477276245807907,5.107976152741599
0,0.6222022666787693,2.251150152409643
1,7.704329411764882,4.998405295909621
1,5.434145758993239,6.500909843301077
1,1.01013072461312,4.422967793675258
0,2.117712588708204,1.1818400710158696
0,1.5631205948257014,2.17495315899892
1,2.0736688544409523,4.3504386183275985
1,3.520975297757811,6.839662828363755
1,2.699574563719615,4.443362479408717
1,2.999314596650553,6.979237509416761
0,1.0837365783466837,2.5637039577122147
0,2.613997732840132,0.22662680844481797
1,2.2747862151809586,5.695466007502455
1,1.7830167742294116,6.207708373315665
0,0.9235023855111846,2.0521703336055994
1,2.984340322027347,4.940627817034647
1,5.9829645129138065,7.0958236855264
1,2.9704740757843604,8.775107754560405
0,1.8235326503978224,0.3231296389295987
1,7.01485924949671,3.4450665258870616
0,0.5380460776948583,0.670584738771518
0,0.26088291885898773,0.9270998390250695
0,0.38980564062456213,1.7245159564375614
1,4.865931302239349,6.323558935645357
0,2.420916237321438,0.6082520873971358
1,4.125836601394492,6.685880466445612
0,0.2556059216578973,1.8288242771233354
0,0.44766206117271334,2.7871854818281503
0,0.5859605685073515,0.8468672599026368
1,7.500643345668756,6.332549296767575
1,4.763088744881981,4.738327891905357
0,0.22194151601362166,0.7377348920320743
1,3.6719085572784342,6.277215626209813
0,0.47883615187843986,1.5146829001970938
1,6.63056968064728,3.7163909508982274
0,1.7508850804723117,0.29899770728745156
0,0.034075253376611325,0.4580496282793406
1,4.659811745115806,7.923599689872288
0,-0.3369411792680306,0.877827230665994
0,1.9679481988257521,0.13273595111859426
0,-0.8314079449562917,0.12265215746718461
0,0.5651940454653737,0.4467444148543407
0,2.2262708459978136,0.8357994933284134
0,2.3173637459950935,1.3177415113927458
1,7.933415228798889,3.247433340513785
1,9.69782184695719,6.213273692978199
1,3.0455016664435144,6.404268270001607
0,-0.41809936007713144,0.038209618277072366
0,1.9930941625807401,0.41473533111337035
1,4.322959918192754,5.910633149630218
0,0.8424489355529541,-0.4288918361839258
0,1.4378147379664,0.36188148913199825
0,3.2975650934667877,0.35443167121616326
1,6.46717333829445,2.746441476858135
0,1.6656159375284498,0.5402156187259786
1,5.288813962942626,2.41657591534811
0,0.9459551239990868,1.97423683108044
0,0.058691789707023934,1.143967290031687
1,1.9397998644364494,3.9891336104771082
1,7.843791329636514,4.068011006367539
1,2.868772761802398,4.802075138758442
1,8.544221962275081,4.663500727857119
1,5.129183519202626,5.07554877129063
0,1.5069618989613858,0.8524894661575702
0,2.5644627427723687,0.8105289727094973
1,3.5333013764111767,6.848593848854201
0,1.9347131478371429,0.7359281470950829
1,2.4877150560338745,6.963743882236756
1,4.42533959078821,2.845228628016782
0,2.1264781584446157,1.5856127761891379
1,5.899543263389864,4.586331229028371
0,1.181055975329504,1.319995213658158
1,6.595138118467278,2.480625723041676
0,1.6909708754174688,1.2403604080809583
1,5.106383400415032,3.8360040827883624
0,0.4760210523869829,1.129908332790253
0,0.9478045014518109,-0.7379825870205721
0,0.5652848822196286,0.9511359164658657
0,2.6875415706907795,0.7211740150875267
0,0.39537063022611574,0.7475795696641632
1,5.859384932102456,4.410020470894242
1,4.424297828130722,3.6214088568933347
1,7.627485336680203,2.2618475517066647
0,0.9695719726173428,0.5811216450845392
0,0.7550453887382482,0.5898910924293129
1,5.344674746519832,4.638547583663269
0,0.5292126693530919,0.30034544518155837
0,2.105234968210945,-1.0067041155483434
1,8.053995736043191,6.909084422566634
0,1.4561668509775325,-0.1140517283251794
0,1.2866478470321947,-0.873450201106378
1,4.210586880413892,2.9376964863957324
0,0.45421516565883524,1.5697737733467543
1,6.415540510683569,-1.4994677232479656
1,3.7099128688298872,3.481008121247159
1,4.1583555066811035,0.7770197051441459
0,1.3783095485323325,1.9380270912117643
1,6.0122689439934165,5.6753331387102905
1,5.55427855119825,5.531444517292687
0,1.056280064331796,1.9011658136462706
1,5.698324737494861,6.180289667182093
0,0.6353447931640023,1.0526268033440147
0,-0.16845459566932441,1.1562535717952012
1,4.651661940637384,5.319245585567692
0,0.43745650279112125,0.785164994234557
1,3.5064314351630577,2.822584972356616
0,0.9110745366748728,-0.10184047327738721
0,2.078045764153198,0.7674255622751414
1,6.224873710788572,6.648080259900617
0,1.458055393638411,0.39378183312604376
0,0.17648118949568248,-0.0375376651789896
1,1.9055181305503934,4.738097814167095
0,0.022590160089286382,0.8450574193803956
1,7.184653694147563,6.609783570662968
1,5.457962979481218,8.971059298509415
0,1.2277124376464847,1.8737817448564513
0,-1.732579134496942,1.4019099078919142
1,6.174758568008927,2.5595560660826466
1,2.6805608322485934,10.792825868683604
1,3.3157457399537025,6.109953383681664
0,0.04252082546416003,-0.9579564686118187
1,4.630182660532683,5.434333072543526
0,1.6975370050498932,1.2264592791193236
1,3.0434636763818865,3.3373541976107557
0,-0.020964498712400248,1.2785362943925518
0,1.3966599702002775,2.0984870892089744
0,0.7944958227026209,-0.6042188778309716
0,1.649640603645072,0.8600964166686516
0,1.3875652475400222,0.7165748148452826
0,0.3840711529610331,-0.30144918687914934
1,5.623720506955104,5.626422550316518
0,2.495283576202856,2.2352654132784138
0,1.3338760603116113,0.34320550000842576
1,6.489348137234008,4.5397322884698745
1,9.429552984617892,5.551342960714173
0,1.4656352045386434,1.1981630494389919
0,0.3417759456611579,1.6038593467959916
1,5.968382383584755,1.4448239035396973
0,0.259223994126742,-0.21461368116097468
0,0.7357447999769526,-0.4334116110045856
0,1.8314423251005627,1.1396481642888379
0,-0.47443682232408846,3.899056497704275
1,8.8807586234617,5.467777562890599
1,2.356394105661167,3.588366710615662
1,4.46532748293003,6.535862914301708
1,5.314611406244101,3.612469767690642
0,1.5200921678917707,0.9370145465698383
0,0.8895239609030688,0.6886048484119393
0,-2.1062652400758317,-0.009579378675295569
0,2.111243371337255,0.207624124359173
1,3.3222438193787687,11.132806370163376
0,1.2433362932128125,2.953037417668264
1,9.041829923728407,8.651889755894638
0,-0.6325455544535208,2.336713302083605
1,5.019619261466824,6.893869058167872
0,2.833084507539076,0.3292142261429677
1,5.664934525803791,0.8234754546767649
0,2.2657659045275387,2.602418157756448
1,3.192819895812373,5.710947914155664
0,-0.5737728489996203,0.462729181381883
1,4.998570966231199,6.156042134669712
1,5.0023226194963994,8.17028796709485
0,0.0549886646641492,0.1798024969775046
0,0.6178561779639408,0.9411084482950283
1,3.2523806183954944,1.9522023802114314
0,1.556913242395428,1.783261769550968
1,3.871064231790826,5.759037079961761
1,4.212148504425139,3.010803124346954
1,1.3922253910657614,6.372934229850046
1,6.931431404327533,3.583206281338626
0,1.3695646584084118,1.2364150877299398
1,2.19386312084461,6.035422596961072
0,0.0954284962109,0.2503232707562486
0,1.9760579001166985,1.3802502644717631
1,3.950847193824985,9.573526726702372
1,2.311957450050464,3.794017220768591
1,9.48022408821512,2.0610413856037426
0,2.8128400767457986,0.8464510567376582
1,7.769300353550689,3.0386453787360064
1,2.5545865605041946,1.9705359755784966
1,8.28235377301065,5.462227309540736
1,5.251898466107037,3.5116198284100593
0,-1.2493131701722748,-0.05062765755950971
1,7.8057328864036855,5.365663574230504
0,2.087287115849711,2.8131307087618325
0,2.1701646882949124,2.0260314608084515
0,-0.5899505248292218,2.47757401401687
1,4.503018649926673,3.3217322970953598
0,1.8895503736855397,1.2524531647886532
0,0.060562657513727136,1.4307480472335392
1,0.5925049214211198,1.9054224181753154
1,7.274305344168372,7.093539669078853
1,5.720176804955766,2.0544511256980753
0,1.9284120946647687,0.03220922766968437
1,5.166032589782119,5.0846005486215295
1,3.9873649053531297,4.714950063544507
1,5.524220071893642,4.149334726087091
1,1.234838715092756,6.694772478995404
1,5.229977662605229,4.018264355409575
0,1.5425369218759433,0.4386297030334202
0,1.3308674867349108,1.1446858787552199
0,0.5329282867594076,-0.25259306663177683
0,0.8908463271851352,0.606318876840144
1,6.990929249310352,9.954600358082654
1,6.943606809187138,4.353945881128842
1,4.934261524571041,2.739357240165796
0,2.0240957172648706,1.004508553747406
1,4.886634027599572,5.013891558526503
1,3.022273923861773,3.5139323922098864
0,1.7311887939036041,1.8359839788944
1,6.433571832745756,4.238961873838837
0,0.5192771451561047,1.0512088987986188
1,4.1407251082696455,2.2357378230222746
0,-0.16873557446047394,0.40201893077190676
0,1.951500915430399,-0.3158415079255279
1,2.4337155807101856,5.961289632707396
1,4.044907972381603,6.518388643446996
1,11.506908707120363,-1.1859667680595543
0,0.8554487361813953,1.3329723359545065
0,1.1063842298755358,1.8274778921051418
1,6.358094181752513,5.173491009634076
1,9.504224146274293,6.459678755847852
0,0.6875826062434599,-1.1892847451283126
1,4.831986837839766,3.5139927407786615
1,5.990753816353139,2.3976671421944307
1,3.0310074733535504,4.2169921834834305
1,6.374274234215754,5.867530153936533
1,0.5365667332892237,5.784611028892467
0,-1.4138122000480808,0.6824651147069978
0,0.3655283435866359,-0.7799907772965085
0,-1.6934513029267166,0.8616263839408935
1,8.62665592099245,4.265306875667354
1,3.8423408387444624,7.68092217587301
0,3.187428489178158,0.6379407868155867
1,3.1411299834265805,5.970606982231051
1,6.516406812372842,2.790048051260328
1,5.38577330901698,7.116652668504116
1,6.033650751115942,2.3374612267168713
1,4.730008344777005,6.224701976029299
1,2.5106294300034313,4.317306600165277
0,-0.5505185622677566,1.4744949836572578
0,2.569993423492532,0.7343578735242601
0,0.7180068203674868,2.5956782202828967
0,1.8126796080012242,2.0862872574391282
1,5.304089017801288,7.762660105268708
1,6.7365372853629895,5.542233105332354
1,4.381243781847765,0.2196437413379133
1,0.583187571742414,1.369828272535206
0,0.6099340231320265,1.5500957385373195
1,4.61573483572203,5.943678517432605
0,1.1320746554298837,1.7060758985420192
1,6.477680230335553,6.8088395630476475
1,7.738025516794279,3.2936835191620304
1,5.939076090748467,3.546071599093148
1,4.750877927884292,4.284080850815354
1,7.507011513484634,3.793974659087878
1,3.054728112704286,2.9627011811410378
0,0.47935437163517225,0.09997022365765207
1,6.004835209608507,1.3455871767490049
1,6.1491841403828,5.586283159932826
1,6.099212437647407,4.366232963661516
0,0.24205319535945657,1.0422371800616348
1,6.675175696731275,3.9120888513379777
0,0.2805987573634051,1.6585405653593357
0,0.7231047515907344,2.9414666575877932
0,0.6318127573935105,0.6042736431281488
0,1.127810630286072,0.8857755747107713
0,0.11983117241239316,1.612149083520272
1,5.899394824829931,3.4342688995624977
1,3.1111224363568537,4.402703301566371
0,0.9181701032489814,1.7207311308119158
0,1.7599512038831655,0.8744735644177958
0,0.8799576031878701,1.2866156933434052
1,10.086631419094484,4.973743009823013
1,4.791249368706042,8.93036683936901
0,0.49191610690562526,0.3847207259449328
1,6.498945306172863,6.60074680237892
0,1.0648389236160263,0.18565159553795552
0,0.17932096289516908,0.9234530751710559
0,0.6314147522492792,2.0122743905950324
0,0.7941319692397564,0.5183385009344985
0,0.6352115613452056,1.5091017156045066
0,-0.7827115291578648,2.820915211051187
0,1.8282644035501217,0.5018472358368311
0,2.9377463790137748,1.4473343039822844
0,-0.019500313974207595,0.6554659358083466
1,7.386939646638831,5.044722089000708
0,1.2003401935552047,0.4750709427288431
0,0.7205350895985699,1.0145014629060758
0,1.607285719001514,1.710571481152595
1,5.630856354534286,3.4867003809501753
1,7.172844775713943,6.379706327811603
1,7.2419074514137876,3.2737445530412215
1,3.196421943958925,0.3101755953294498
0,1.045030419239481,-0.32795403268594514
1,6.8110966512672295,7.563778584959779
1,-0.34565554061714643,5.029263185998834
1,5.0959378646432825,5.5039420302369795
1,5.973519202860515,7.405987087511168
1,4.535649558995049,2.7847828785339206
0,1.9567320105510468,0.5040994219054107
1,4.203453276966334,5.398285968526728
0,2.540280086760662,1.8563510684452287
1,7.811008184122985,5.397829735757847
1,2.6991917531042313,3.069470768381142
1,5.202890130427255,7.046542462404718
1,1.5078473706434208,7.798331397794321
0,2.2545212408884416,1.1137283103253441
1,2.9241475810859474,3.1643309888496276
1,5.387435312523505,4.919644419576151
0,-0.07239237507142793,1.1946769846252576
1,1.7834543584541915,-0.916096750551989
0,-0.488961673963733,1.9981061151938753
0,0.3274740149880636,1.797122355722903
1,2.1893969219712757,2.878305298141866
0,1.0892132359949918,3.428143977107184
1,6.149968979969474,4.506144341858973
1,3.4936137052259744,2.384636514318487
0,2.5880186582336604,-0.2725485106385841
0,1.426551436427687,0.631973258753721
1,4.327906930518652,6.771112746750241
1,5.783470441079733,5.987577641288987
0,0.6541640863506679,-1.0788863444768966
0,1.1728609013275335,0.8790213665473695
0,1.5697435312284909,1.0276871682107984
1,7.932334021952126,4.595214499622096
0,1.580512686248695,2.666964161052495
0,1.6175453820621415,2.119988586774599
1,5.623824647730647,4.500206521188155
0,-0.4190922259205154,1.164235623412679
0,2.993036774495882,1.7633673793152234
0,1.165073501433025,3.1022686178795214
1,5.856362449030396,5.545673767629864
0,1.301917766555363,1.4089405830935335
1,3.4929367135582945,5.942900115322467
0,1.4441345755088522,-0.0745397786521087
1,3.594282053450052,5.2282336322228256
1,2.6087555846897663,4.761714524820261
1,-0.1613812376290893,6.885824915821791
0,0.5199463159999553,1.382310866566718
0,0.8503675243643358,1.537554457908219
1,7.1962230944429955,1.0445166099909584
1,5.633243881601246,2.453148780842034
1,7.8971096609872475,6.763870875536137
0,1.4415456583856774,1.4515811867163837
0,0.6821014488233224,-0.6191922497249744
1,5.991412652145027,3.882816439281725
0,0.5230761775487153,2.348523741820626
0,2.3088580336362963,-0.8930472837937065
1,3.851749524486246,6.078905926240272
1,2.4224485415215073,3.358770290099372
1,3.942013926737781,-2.0102142776027936
0,1.825187843396419,2.005806623615146
0,-0.16650149889400478,1.6560404455562892
1,7.054270716484531,7.52760497511046
1,6.5580930016898265,6.785610994647385
0,-0.15342483342876734,-1.122001406305026
0,0.4544985218128915,0.4136376600476672
1,7.291703488794162,1.1703051586316815
0,2.5996842698379248,2.85668503775252
0,2.9887071174518596,1.1445598714482326
1,6.0247951777897955,8.526275457963848
1,3.053434035437168,5.555211900649943
0,1.7640668256778629,1.7200092453547642
1,2.1862414881209733,0.11848201275220127
0,-0.41939208223702074,-0.15295995702838616
1,5.261445549145747,7.741803881635007
0,1.4864481205419573,0.6740911173947597
1,6.784122212852116,2.773572606786981
1,6.371113855847909,1.3801474891151617
0,0.8238960174660315,2.064663766870096
1,5.874471609843428,3.9924211282585893
0,1.6072328080200782,1.7369579335178096
1,7.204662089246264,5.650406837185361
0,-0.622403905297054,0.18666179693702156
0,1.7962153685672826,0.5279219115146045
0,0.6118880280059402,2.4107868749964187
1,3.863077555755804,2.9501599296926564
1,4.013039142105394,1.5884449989526122
1,7.663372427339578,4.3205891353694605
0,-0.1391336344337255,1.5146411160586666
0,1.3214100515374234,0.12936265524989354
1,6.845299446086988,4.902655781803304
1,3.3134924739123583,6.041103733962047
0,0.9361901484406451,-0.24237747964934497
0,0.27489120411813195,2.757634372794286
0,0.541823700573268,-0.018771728572351654
1,2.689267062691736,0.9538621877994329
0,-0.5086529707361735,0.21173390526521685
0,0.0124598286098353,0.5610152168258739
0,1.1166847649441145,0.998643341057861
0,1.2124467177329423,1.5633036943031005
1,1.9983303367306013,6.681348923833899
1,0.21998560357495833,5.7594898407168635
0,-0.04737880316684073,0.7574706764151328
0,2.1239130243759705,-0.17837313696906887
0,2.5712826245420355,-1.6405085836466142
1,5.780782095963683,3.1625903717636756
0,0.46678205908745407,2.182017841149505
0,1.0032686941406281,0.8146344935654605
0,1.0258288835663807,1.7042939835020734
1,6.654152979110191,3.404239627669063
0,0.924708207632578,1.7080847828014778
0,2.542295531697036,-0.24123245235121726
0,1.018453298152258,1.4411211095718373
0,1.2439790073106243,2.0365772562224183
1,6.180795476991723,6.9912058718453585
1,3.783602706740499,2.0584786304196907
0,1.8178699731157346,-0.47677971294482546
0,0.7275171354692196,1.0751692478571713
0,1.910891248998409,0.31984023600607925
0,1.4534534662292131,1.3443047240564596
1,5.110525487621448,6.4439104594892385
1,4.115162760790811,3.09901246816839
0,1.28227143692242,1.3730019303497858
1,6.723810359451398,7.8922957367935105
0,1.073592790552392,0.22468147268535932
1,5.218259473736141,3.458670744567696
0,0.3961499847087001,1.619491318236478
0,0.2586620561341062,1.5286494853232415
0,2.6747410658711264,1.5700721739089474
0,0.624670106759778,1.6121958304989183
0,1.0591199846047676,-0.33074248364703385
1,7.892275906209244,2.416806988910503
1,3.2729627186466397,4.978088991379797
0,0.31340337729816303,1.8603475488198322
0,0.1688826038687754,0.7986158611186576
1,1.1230878975916814,6.005577552836137
0,0.5062645887816192,1.0365142751284528
1,9.868626117107759,4.051064734939863
0,2.929810252140215,1.3375664186506349
1,3.379122719370862,6.804002306668657
0,0.05707444779884374,3.5452443030896648
0,1.7416449408630914,-0.10872577319554022
1,3.7622723315812294,6.340802705860982
0,3.145079696591976,-0.5657239730186066
1,6.797111434484918,8.024387413070578
1,7.11732233609409,6.540728159674316
1,5.583963821870207,0.979151761862127
1,3.8048249039648843,4.904942271692969
0,-0.6436376759396198,1.5113053782317705
1,7.263551449514902,6.048791406684966
0,0.6855662906403732,0.5485510384232856
1,1.6435052336985754,0.43347422240256694
0,0.9450257303769086,0.4979579034319931
0,0.6125766096570942,0.922044721759689
0,1.84577965786672,-0.18495937893328485
0,0.037553151423816655,1.8539084447545506
0,1.9053458251588338,0.2998404995901942
1,2.4785139361306827,5.362176164038345
1,1.2227422883500556,4.510320481302007
0,1.657947794384084,1.4030612900412627
1,1.7285387968330381,5.028967026112146
0,0.8478466132857019,0.5128142260500399
0,2.016027221696273,-0.8134338125907727
0,-0.6818066293007388,1.1551689764266801
0,-0.42992251354777555,-1.3109073702303644
1,4.884534269512795,7.021836787000702
0,1.4946972105102223,1.8730645699452158
1,5.386801917144288,2.5614051944020626
1,4.162558834490714,4.3117327533391085
0,-1.2487277895502236,2.3388818043142985
1,5.963726536706418,2.543586403189227
1,5.7163024770883935,3.8599836303301704
0,0.2895495819523197,1.5296292671808396
1,6.345139816437119,1.3079255774873664
1,5.304283033817154,8.287492665407392
0,1.0661813864037293,1.1113621047134739
0,0.2758126642878872,-0.3977790215423689
1,5.862075922204984,1.4496825081814046
1,2.420761041419732,4.737101908354611
1,8.108286525428019,6.444224399337628
1,7.054374070740758,7.830738979205332
1,5.654614754001016,2.6731764133640725
1,9.64621171555195,4.565413615355996
0,2.7013582156811706,2.8440775972827588
1,5.160285656732878,2.785364715971424
0,1.3501467633468869,0.742642533103554
0,-0.011261947350439172,0.08541732814630287
0,0.3413697059244186,-0.45158211287465333
1,8.31236637612738,6.522121585311004
1,6.184375277477968,5.187304587145191
0,-0.5693924613162207,0.474413740799262
0,1.0164571786253491,1.3589344208035519
1,1.4495309111612018,9.950108104144547
1,6.112784372269857,4.287538098142299
0,1.2864131281535676,0.5786530219749135
0,2.1874231685889374,-0.6142485691563315
0,1.6498262617672381,-0.38383019492671866
1,3.5095910776672667,6.52242591548632
0,-0.8749760286095334,0.5995577840485178
1,3.1886419059312128,5.501274344094717
1,7.045562846012519,5.888695244441662
1,1.9570458880649504,7.048056606187044
0,0.4186781804209506,2.4167600572265395
1,7.343820624138035,5.139660556679137
0,-0.1686240737701561,1.0681689326714168
1,6.784777844041713,4.557426997472717
1,5.988207625896617,2.333962380127441
0,-0.03841211160481928,1.3501978226339297
1,4.830197263682653,6.307800698803467
1,3.2745671699969607,3.287811656036659
0,1.0600850729301343,-0.0059498716211436875
0,0.4937930310139673,1.9410871817851274
1,5.472498376511057,3.208433442338122
1,2.3262116625084093,7.273025389289675
1,3.4210640989928556,4.733694173406624
0,0.1981571288744569,1.7295457597155908
0,0.30322954849880224,-1.5919394988892126
1,5.60511831858795,4.254413183130887
0,1.12424520672137,1.1768250344764275
0,0.3280270017511169,1.898313254621839
1,5.65862079167615,3.881095310251263
0,2.3096771578569655,1.8301559391957927
1,4.036845601989661,4.552334088897367
0,1.7661642200643848,-1.2014666409857409
1,2.9605750607906463,4.229902610780918
1,0.5722523524997616,0.3270063350867032
0,0.3607717788665231,0.619295083846517
0,1.397911061312688,0.26773178178858725
1,3.6149236699320584,5.506609826812574
0,1.8856819496579311,1.64340332579987
0,0.5917933103300328,0.49802730047094756
1,5.977040839668441,7.995804505456772
1,3.5443894287072277,6.711740064362505
1,5.349662665846157,9.218158751617512
1,5.986516963943251,5.232590781007075
0,3.5566260575900244,1.4586811993354323
1,5.576913311339302,2.164087997953996
1,1.3092040682628787,5.021117005802916
1,7.84767298896822,6.5063919437214235
1,4.7043529006989795,7.308484589577949
1,5.620467938355772,5.0457569436125524
1,3.8812682150545856,9.091746646791027
1,6.579908898712953,5.426483841278791
0,0.1856700552824827,1.424743027379431
1,5.717679332694884,3.0738463014790476
1,7.323613182479078,5.329944272292328
0,2.2471435212549156,0.23115362248151683
1,4.380450738992802,6.226554200097013
1,3.7184659302535863,5.635112614390865
1,-0.3254380787746092,6.257744760326162
1,2.2552104687857315,6.320851242324973
0,1.5523582488785341,0.17842728229130878
0,-0.46153566831627124,1.0288278049109798
0,-0.25786029410156575,0.9455497551957529
1,6.280161508901148,1.5502429011382994
0,0.5430915320153014,3.2267665171490107
1,8.101451518265641,3.80403327543502
0,0.9191962657692191,-0.28747514559366727
0,1.3861655861785422,0.5248136209881651
1,1.773235730894557,2.7345581608228278
1,4.578369617505945,1.6455917471611623
0,1.5028608887042283,0.38189598959449333
1,6.451991195585901,6.088266307236856
1,2.2412580450442388,3.8840540489655653
1,4.006503808721553,4.853241179434245
1,6.995462099493643,8.813523330453373
0,1.311929467816415,1.2441337804254053
1,6.352254137741944,3.2087675337193824
1,1.864593474494161,1.2876811644516506
0,1.499117015341828,1.0456078940071267
1,4.138514876083929,5.709635215750133
1,2.985649073857499,6.188212386921102
1,6.0190750978853735,4.126204365022312
0,2.178445084405197,1.2348983965362752
1,5.232293498171812,4.225626246980537
0,2.3776193664896517,1.0650784459028824
0,1.1319101911886935,1.8827899852060161
1,4.272797572152609,8.482269375189833
1,7.392883498830552,3.6987641159007607
1,9.464391099740194,7.868056812534029
1,6.269197991435077,6.143707119856064
1,4.021688251252293,4.71870476657187
1,4.085268561530865,4.438614990380605
0,0.2946772159810662,-0.16793314255551994
0,1.72473191457232,2.8437708732822333
0,1.3468787401701023,-0.19149803900376816
1,4.176011369418922,-0.24950608429895915
0,1.1464420320357802,1.177134525980378
1,5.598056420082705,6.557547241811809
0,0.49590818238757495,1.3680177326962482
1,6.956943095886782,7.1416157280845605
1,5.664765013518159,1.7988467756852091
0,0.6440511807245981,1.3345292534776965
1,7.849868961325161,3.2959652249109688
1,6.815138703272076,4.39805190710859
1,2.7953737313704,8.048065528194497
0,0.26002378454437614,0.7319959399166203
0,0.4121940065248926,-1.3244718952679642
1,3.7954147895505423,5.333128982514069
0,0.7221074371824647,1.0616131252554513
1,4.979520195577011,7.072518285989062
1,4.304432346102369,2.148473355910171
1,5.8135513060591535,7.903079327834806
1,2.4172543412788743,4.657804443029025
1,3.577653703447981,4.316617720368244
1,6.963283222561893,3.687375921153205
0,0.38477888160416274,1.9212025038912643
0,1.688022420009704,0.8144381376787824
0,0.9216707133629202,1.1753041680461396
1,4.797281257631102,4.6278397492313115
1,7.467358129035472,3.610414982394622
0,1.090169364818313,0.5020279853580175
1,3.45946663353282,6.060633322609908
1,-0.7635966218413781,3.9182955013819227
1,5.935500300259155,7.229622458567993
1,1.7249277564511436,3.6332963040931814
1,6.946571725598179,6.749536790742513
0,0.5241802558934316,0.9271270345785575
1,0.7997393586491244,5.0737678950299605
0,1.7966861885215524,1.4273619673248574
0,1.9407455437359056,0.9134683780304651
1,8.022425267078518,3.6348120740186367
1,3.6967377624480964,4.932146966822936
1,4.5814879460193945,5.162161710428975
0,0.44731413898057115,0.030865691916967752
1,11.690971179064984,6.023641741421452
1,7.081318918169331,3.686458403140895
0,-0.31624916495714683,1.2462359301034163
1,5.707255612514356,4.417842941155142
1,7.4767706654728965,6.105931539084468
1,3.3320883555267673,3.6086037516233596
1,4.100452019879625,3.4004789125242185
0,3.215380318550021,1.6177236443599479
1,6.3313985270221265,4.989161713300346
0,1.0123561968614552,0.9399376785276755
1,5.1199356472433335,5.665471651060712
1,9.251905330807936,6.960767669440675
0,1.4281710050305414,0.4607468750580921
1,4.924753603104575,2.9764806436432574
1,4.2436789121627045,6.06114776775887
1,6.673421447824195,2.3586411861055216
1,6.810199496657616,5.87193130960595
0,2.123586641134378,2.8925936853029572
1,7.8061895005503,3.259587226377568
0,-1.0245318353132844,0.9012389343907095
0,1.044554022047213,0.46646304772804514
1,7.400180461851396,2.28843074713878
0,1.4105006434268574,-1.357518335570676
0,0.9469544269136697,-1.107740218384638
1,1.4965851318468002,5.229109494471507
0,1.5177909777746916,-0.20080463200818865
1,6.850685224717392,7.354101723306674
0,2.544574303237277,0.9825970615276206
1,8.883849985315328,3.7369280641869747
1,5.870028723194246,3.934609921198751
1,4.632234725885821,0.4750297799232648
1,4.339100489565126,2.776805751958231
0,-0.6514417639977776,1.2058387820277094
1,6.674416941739697,6.929183265564708
1,2.7954413557673727,5.3090997598992065
0,1.9879390943826476,-0.34772693851902337
0,1.4732232084501111,1.88273214953057
1,1.919478435818291,2.9432553775328945
1,5.924491433719049,8.553622289922412
0,1.4264842305178616,1.4736873469558227
1,4.0017210147975755,4.487653363101946
0,1.4911821000817054,2.3213676265306233
0,-1.7753469069456012,-0.3252891920910328
1,7.814028268797333,6.419080737084415
0,-0.7204333584850278,1.9777151255748167
1,5.532050935517606,2.542364113498528
0,2.7475730170003785,-0.3201126769828655
1,4.293512895058959,4.658834631373018
1,6.574119749534573,2.785050180682414
0,0.48913545593434027,-0.37110263397180265
1,6.592318588804581,6.500995896645385
0,1.3798224175803184,-0.3447122536932099
0,0.8904399895519627,0.9563253685454876
0,1.5476994386255618,0.5143052998081934
0,-0.6762839370659499,2.747114572736269
1,4.042870134506781,4.023014119018315
0,-1.1884192289019713,1.0643649942652624
0,1.2117833918264587,1.1448980821535595
0,1.6258302613469295,3.613373584622218
0,-0.6285214183199885,-0.252497728842048
0,2.0753837068419037,-0.5141977398792672
0,0.32052117171669836,1.5846233344941432
1,2.551644790740867,6.410997857335277
1,5.142269041153285,6.435169777426782
1,6.197957972373099,5.796073169602193
1,3.5125401321996064,6.194151858503264
0,1.9534165384058237,1.8101384299818348
1,6.512571047860763,4.235339711709286
1,3.184091666601436,6.50165105806234
0,0.1422167147961615,0.6741803034811575
1,2.6245934213123383,8.103675121813422
1,5.662851855259115,4.257143572583267
0,-0.5313740199047414,1.381196914418966
1,5.412476987848351,4.412598752364894
1,6.040597026496079,2.8486357001596607
1,8.465523847281581,2.161235733682184
1,2.3941898201318015,4.569385709613821
1,4.440045827222207,3.183971081377179
0,0.031284257209814426,1.813794797290817
0,1.113061594292619,1.2799041420323607
1,6.796112378046958,7.293998036453884
0,0.9256060006302089,0.6287810766010424
1,5.921010864640616,5.540104469544524
1,6.148836620536998,4.259276242404238
1,4.37920706289229,5.362212985761444
0,2.9380804381428574,0.1669092096091105
0,2.05386132154395,0.9544705289105486
1,3.4828881454003486,3.430881224128062
0,1.7999737992804916,3.292804512187358
1,5.191278677500142,2.7700403176178154
1,6.962962072998547,4.727287180730767
0,-0.26605426179658553,1.305188849926281
0,0.6114826441183427,0.21842313703598104
1,3.2041372905081484,6.480666304373976
0,0.6379792595032521,1.3529492382701496
1,7.35654022456901,0.40035894896865454
1,2.8564541992303507,1.499841461597041
1,6.080696779402925,7.3784023017540985
0,2.6254657692532373,0.16575155374626083
0,0.3982739275611823,1.6411111565642815
1,3.671518018936104,5.9140572290036
0,1.1877019404850555,-0.31992191474869536
0,2.397455581952779,2.6056668917650834
0,-0.005774790153265208,1.4900889761983354
1,7.550010407467521,5.826210765856468
1,6.845749330782978,5.939057864254948
1,3.2938003173673813,3.6142096053673614
1,3.177260994182922,3.4160846564599368
0,-0.23057812721841864,2.2621701003974493
1,3.855333202444969,3.0811350520700294
1,6.221930797276649,3.2666267223444434
1,3.3990401023809165,6.518780986115187
1,4.515517360230989,-1.2348236970187463
1,7.782292802746062,8.946915727158002
0,2.232807458873967,1.3791341994827293
0,0.11422918026259976,0.29253580010165237
0,0.8572516393008126,1.750638379585173
0,0.578696542198031,1.2278916025835593
0,0.2864623290799513,1.1384005282927363
1,3.8338566232174016,6.190107929408073
0,-0.6797979110828187,1.4717934965834671
0,0.2424297733998475,0.7663675939805698
0,0.9727812831194527,-0.30559798486070044
0,2.447952644100863,-0.6895769410098951
0,-0.1640204385293369,2.574468445557563
0,3.6027902830215583,-1.208304810061608
0,-0.8916057650172038,1.8388707134551536
0,0.3928147575322368,1.828054641011379
0,1.3763953243121845,1.980357870410543
1,9.377794160090481,4.672375830456186
0,0.6984856770242706,1.7212510017405376
1,7.173765173139252,7.222278662790611
1,5.583837290831516,4.025484284390908
0,0.5353854395996431,1.6198311816023296
1,7.940558316877365,2.495128533246874
1,3.656273626009871,7.751407275724317
1,4.973303850780868,2.734509135220805
0,1.1056715423199979,-1.0944122231408708
0,1.6951984123635135,1.0652711985018717
1,4.820392892743069,4.155837507665438
1,4.41213475500936,4.087953484297902
0,1.4528120399607942,1.6747103894872186
0,-0.611993340393477,0.9723728651855467
1,6.891835714428691,1.2624656836626267
1,3.6403630712326813,3.6729972131338524
1,7.920205557662365,4.895547615100823
0,4.188041923901658,1.7538363616217714
1,3.6011639535604796,6.100161810526294
0,0.26191955532449107,1.046880555774649
0,2.392309834848782,2.345503260602732
1,6.364055869103061,5.514346812670406
0,1.928681258035997,1.5635255566605326
0,0.8969873259658266,0.29193862587338204
0,2.8110205387183402,2.574040044660059
0,1.4399712309131354,-0.12178026210409354
0,1.6932275786113946,0.8283965297833498
0,3.3445826800282576,2.5035443657221172
0,2.7643855015035985,0.8737405403817228
0,0.6533423094169833,0.9954097257793431
1,4.100707405195499,2.965317419533847
1,3.513575132575924,4.80910491206679
0,1.949588432411272,0.02193214246464048
0,2.0055873389580263,0.62364181500832
0,3.005722709485541,0.2291356855626202
0,2.2280438472963833,0.1235326056984809
0,0.5440867644767668,1.6174403627707947
0,1.6998897395179862,2.9071998817863864
1,2.728732466698372,1.0560659070140912
0,2.0399577124603634,1.0968546333550708
1,5.408118755881392,3.6392674548208035
0,0.7928496331047445,1.7957746228297435
0,1.5939813425007894,-0.9396419305725574
1,6.738158810306861,4.535516993468523
0,1.690506137740154,1.286489071479569
1,7.474741139872476,4.811391010885861
0,2.198786968654144,-0.4511478298773146
1,6.6621238633026,7.423391903154643
0,1.6317738093914063,0.28228771746347614
0,1.6743379575655357,-0.13514077495658738
0,-0.6944784993075408,0.7111877617421751
1,4.386419322149818,-0.5630742946036333
1,3.3136703352703796,6.268736287163523
1,7.514900929223465,6.054339177649331
0,1.0227431543740109,0.23517145587898047
1,2.3387651235914615,0.5700685545855739
1,2.6282374831256354,3.5942533429394006
1,2.744430345807814,6.186256461851701
1,6.651571089859252,6.8102301080282235
1,-0.2228505170999142,4.66169083360761
0,1.5210515207718234,1.0345561923412074
0,0.15534809621484957,1.0267998999243342
0,-0.171204044381976,0.5254070765195733
1,4.615123231903186,0.8466810734072352
0,2.3040293755254404,0.7244079259774945
1,1.7835077228511698,4.065723820042562
0,1.5613209549945841,0.2036286657770061
1,7.661077866860236,8.335864051778746
1,3.3960891152566974,2.949556304330148
1,4.119329832937861,4.680026067897573
0,1.433090187199811,0.979906948032169
0,0.20641454836886186,2.1805504791430934
1,3.9407485445612833,6.08103267423122
1,6.6858125457274395,6.439610048302512
0,0.43684378000361457,-0.9585907353902661
1,7.528169244212624,5.0168216765979645
1,6.0860273135727505,5.679662902036088
0,1.1682092748079536,3.0315804452755013
0,-0.33068231925703473,0.714930994867169
1,2.641871948090851,6.846317448952457
1,4.875616255538596,3.469291431303602
1,6.60773084699883,5.852252185122878
0,0.43336436684945157,0.12591097832122922
0,1.5905116346357024,1.1112757915304683
1,4.743051406887373,6.877469765020853
1,3.5042893358388003,5.716031972913665
0,0.2548012952097337,0.7159113523679572
0,0.49124470615397875,2.465046894050262
1,3.34131740022434,5.2676334347399285
0,1.0973505530894285,0.010889588678006046
0,1.3431047190579577,1.1640742040531096
0,1.2430069561367916,0.6085194875198022
1,8.369698650146638,2.4291041116729173
0,1.2006904440268658,1.8509989019212978
1,8.71651690785214,4.290392993874291
0,3.0346699615251835,0.3354024220258017
0,0.9107276234244733,1.8182944056189414
1,6.487292789356841,6.00561576404462
1,0.8241678922672904,8.016835477805364
1,6.220084243098514,8.754539917991707
1,1.4648983123341401,5.835719588739144
1,6.587153554309653,7.282407392365597
0,1.5655527413247636,-0.6555220939085522
0,-0.18588017360878117,1.7751444151656965
0,1.1737356185057237,1.5432671985401982
1,2.995237000380302,5.756832700752593
0,1.3516158884357274,0.6054860124874231
0,1.158710101613514,0.5839650985198105
1,4.392406159207646,3.2074138521094286
0,2.0914090469850204,-0.7742852380366596
1,8.725770870531584,3.839980771242261
0,1.458959747517798,4.176379208316927
1,2.5186110851304413,2.0492883634561836
0,1.0212491187469424,0.33269517392502745
1,6.741982728426223,-0.06423122783345026
1,7.418189782768342,4.182135977439939
0,0.1441435651300409,0.021627572755213764
0,1.0949424102399459,1.1586346794327302
0,1.6708172704161894,2.117753644031555
0,1.4264727428497301,0.7950895623200224
0,1.34410457622936,1.4248552128398964
1,6.325797302683724,3.1815597481616535
0,3.039654733128361,0.8185689084075272
0,0.5543969724920381,2.052938405179872
0,0.9205291002229111,1.9157067507836758
1,5.349377447425324,0.8658767691130702
1,1.6811860464823485,4.2068789129946795
1,7.457173957111977,8.20492415266636
1,4.968887445405959,5.379190392172101
0,-0.006323321372631918,-0.2626962042709575
1,2.8369163144298617,2.7694336738061156
0,2.607265216577577,2.2555474738841577
1,1.9060648042636275,1.2817097931382935
1,5.291259834131681,6.588634764468354
0,1.403172405739363,2.9134065064003627
1,6.703034441061751,3.4546278394618004
0,2.054380229358076,-0.24399914146365198
1,4.9864131613708365,0.664757457862823
1,6.356088993007818,3.4436465571697834
1,0.9788910934152479,4.717670890314829
0,1.6778805844080824,-0.313229685553454
0,1.339443376110377,0.442683064820357
0,0.5721191196572527,2.0618436501291524
1,6.492935931836843,3.5580382788490743
1,7.045357410340027,6.660084931987145
1,7.770631884818187,9.788311948525006
0,-0.3658788762039924,1.5169122107079946
1,5.140887741067453,0.4048603939403854
1,4.825939527379046,1.2713736590586113
1,7.208838775625042,5.623071825219661
1,-0.8293706877792548,3.3061287479954427
1,5.08638945972442,4.040215183555268
1,9.66916783949598,2.585603411104559
0,2.7567076880606014,1.0836792941142686
0,1.526566444301158,1.799887465261267
1,5.580322743221956,6.437320734525542
1,0.030893503212614526,6.323898192125169
0,0.772862761821076,0.4555715484873011
0,1.3504560931844607,-0.013055976870179231
0,2.564872948134428,0.29365753526927363
1,4.691732169099876,1.6136866390462994
0,0.5268793693993974,1.241507618046078
1,2.015475251580404,3.1413904690637184
1,3.799044780114124,3.294681074108496
0,1.563467148355786,1.0337662340664155
0,0.739674148077421,2.2228097565537785
1,6.832713808719749,4.9778648777178
0,1.0750773603119288,1.6280180873489307
0,0.10981154996285714,1.1878043368141649
1,5.3621009080295226,3.802218333822972
1,5.195433267455518,3.7748367030324914
0,0.7711019904256486,1.1251893792848016
0,1.2579672569876226,0.7528186432905378
0,2.899061381303307,0.49513670420593225
0,1.2256536359491481,-0.3769073023781686
1,2.7944879896910377,5.990071229338644
0,1.841981208937115,-0.5009456843856095
1,6.972157868701718,5.749755795915311
0,-0.5262252668056031,1.0991087591819124
1,1.5955763329450208,8.092624464372037
0,1.9020694324610328,0.5375265210523053
1,2.181873158655241,4.5449194707439755
0,-0.4171104652038904,1.2639931007767011
0,0.10041602552233453,-0.07465948673013112
0,-0.8538141459282864,-0.8137965154217357
1,4.6803662185294055,6.925505434112791
1,5.499092372188482,2.997794349760163
1,4.180823174548025,10.077665686864963
0,1.8374828814453226,1.3960149314222225
1,6.733329882723988,3.1121764770897777
1,2.919650209850022,3.1498571576751146
0,1.3594723280892482,1.258524853938285
1,2.65146205788523,4.773355599253834
0,-1.0677293264711016,-0.812766285116598
1,5.0087542618983125,1.9986806373596369
1,7.54318608875935,4.447600306643725
1,3.6595396006028533,6.7167193210517
1,3.63793535640378,0.9638827148650542
1,7.5453299611341915,3.6738383588682817
1,6.971636517267374,3.690100999243903
1,4.411414137118168,1.7835601365526483
1,8.677968942075005,5.062828365914047
1,7.40740478371848,4.662971001940206
1,3.3549428831607635,5.092348361796354
0,0.10592068510611019,1.4024405118102024
0,1.0822683201081442,3.145009827869782
0,0.10754666948685965,0.6786562657142947
1,5.975657411589572,6.665477358290381
0,3.1781027003975,1.687142837583874
0,0.673105739592424,0.9721043792369782
0,1.4524574217910236,1.5256199838392601
1,1.077532595405057,7.3312375581964275
0,0.7040779229825666,1.9360048561411862
1,2.5248676371263046,4.068715510057435
1,4.726546723364784,3.9950587189619773
0,0.7701424028312425,0.719703999347992
0,-0.18563963804420625,-0.5720394852394379
1,6.399691182521033,5.370599320424398
1,4.952076112797774,2.65921031365187
0,3.8244816058851585,1.018918341265446
0,-0.4700081811783421,0.2791934092266213
1,6.010027038703307,4.114882836144837
0,0.4303428781257056,1.4178696062923342
0,1.2539689264087537,0.4004830679683117
1,4.100874378047366,3.389456844293816
